region1,region,service,time,elos_achievable,elos,,,,,,,,,,,,,,,,,,
Kapiti Coast,Kapiti Coast,power,0,1,Full service,,,,,,,,,,,,,,,,,,
Porirua North,Porirua North,power,0,1,Full service,,,,,,,,,,,,,,,,,,
Titahi Bay,Porirua CBD,power,0,1,Full service,,,,,,,,,,,,,,,,,,
Porirua CBD,Titahi Bay,power,0,1,Full service,,,,,,,,,,,,,,,,,,
Porirua East,Tawa,power,0,1,Full service,,,,,,,,,,,,,,,,,,
Tawa 'CBD',Porirua East,power,0,1,Full service,,,,,,,,,,,,,,,,,,
Johnsonville CBD,Johnsonville,power,0,1,Full service,,,,,,,,,,,,,,,,,,
Wlgtn Western Suburbs,Wellington Western Suburbs,power,0,1,Full service,,,,,,,,,,,,,,,,,,
Karori,Karori,power,0,1,Full service,,,,,,,,,,,,,,,,,,
Wlgtn RORO&CBD,Wellington RORO & CBD,power,0,1,Full service,,,,,,,,,,,,,,,,,,
Newtown,Newtown,power,0,1,Full service,,,,,,,,,,,,,,,,,,
Wlgtn Southern Suburbs,Wellington Southern Suburbs,power,0,1,Full service,,,,,,,,,,,,,,,,,,
Wlgtn Airport,Wellington Airport,power,0,1,Full service,,,,,,,,,,,,,,,,,,
Miramar,Miramar,power,0,1,Full service,,,,,,,,,,,,,,,,,,
Upper Hutt CBD,Petone,power,0,1,Full service,,,,,,,,,,,,,,,,,,
Stokes Valley,Lower Hutt,power,0,1,Full service,,,,,,,,,,,,,,,,,,
Western Hutt Hills,Seaview Fuel Terminal,power,0,1,Full service,,,,,,,,,,,,,,,,,,
Lower Hutt,Eastbourne,power,0,1,Full service,,,,,,,,,,,,,,,,,,
Petone,Wainuiomata,power,0,1,Full service,,,,,,,,,,,,,,,,,,
Wainuiomata,Western Hutt Hills,power,0,1,Full service,,,,,,,,,,,,,,,,,,
Seaview Fuel Terminal,Upper Hutt,power,0,1,Full service,,,,,,,,,,,,,,,,,,
Eastbourne,Stokes Valley,power,0,1,Full service,,,,,,,,,,,,,,,,,,
Wairarapa,Wairarapa,power,0,1,Full service,,,,,,,,,,,,,,,,,,
Kapiti Coast,Kapiti Coast,power,1,1,Households use from local sources and response priority sites use own pre-arranged power supply for essential functions.,,,,,,,,,,,,,,,,,,
Porirua North,Porirua North,power,1,1,Households use from local sources and response priority sites use own pre-arranged power supply for essential functions.,,,,,,,,,,,,,,,,,,
Titahi Bay,Porirua CBD,power,1,1,Households use from local sources and response priority sites use own pre-arranged power supply for essential functions.,,,,,,,,,,,,,,,,,,
Porirua CBD,Titahi Bay,power,1,1,Households use from local sources and response priority sites use own pre-arranged power supply for essential functions.,,,,,,,,,,,,,,,,,,
Porirua East,Tawa,power,1,1,Households use from local sources and response priority sites use own pre-arranged power supply for essential functions.,,,,,,,,,,,,,,,,,,
Tawa 'CBD',Porirua East,power,1,1,Households use from local sources and response priority sites use own pre-arranged power supply for essential functions.,,,,,,,,,,,,,,,,,,
Johnsonville CBD,Johnsonville,power,1,1,Households use from local sources and response priority sites use own pre-arranged power supply for essential functions.,,,,,,,,,,,,,,,,,,
Wlgtn Western Suburbs,Wellington Western Suburbs,power,1,1,Households use from local sources and response priority sites use own pre-arranged power supply for essential functions.,,,,,,,,,,,,,,,,,,
Karori,Karori,power,1,1,Households use from local sources and response priority sites use own pre-arranged power supply for essential functions.,,,,,,,,,,,,,,,,,,
Wlgtn RORO&CBD,Wellington RORO & CBD,power,1,1,Households use from local sources and response priority sites use own pre-arranged power supply for essential functions.,,,,,,,,,,,,,,,,,,
Newtown,Newtown,power,1,1,Households use from local sources and response priority sites use own pre-arranged power supply for essential functions.,,,,,,,,,,,,,,,,,,
Wlgtn Southern Suburbs,Wellington Southern Suburbs,power,1,1,Households use from local sources and response priority sites use own pre-arranged power supply for essential functions.,,,,,,,,,,,,,,,,,,
Wlgtn Airport,Wellington Airport,power,1,1,Households use from local sources and response priority sites use own pre-arranged power supply for essential functions.,,,,,,,,,,,,,,,,,,
Miramar,Miramar,power,1,1,Households use from local sources and response priority sites use own pre-arranged power supply for essential functions.,,,,,,,,,,,,,,,,,,
Upper Hutt CBD,Petone,power,1,1,Households use from local sources and response priority sites use own pre-arranged power supply for essential functions.,,,,,,,,,,,,,,,,,,
Stokes Valley,Lower Hutt,power,1,1,Households use from local sources and response priority sites use own pre-arranged power supply for essential functions.,,,,,,,,,,,,,,,,,,
Western Hutt Hills,Seaview Fuel Terminal,power,1,1,Households use from local sources and response priority sites use own pre-arranged power supply for essential functions.,,,,,,,,,,,,,,,,,,
Lower Hutt,Eastbourne,power,1,1,Households use from local sources and response priority sites use own pre-arranged power supply for essential functions.,,,,,,,,,,,,,,,,,,
Petone,Wainuiomata,power,1,1,Households use from local sources and response priority sites use own pre-arranged power supply for essential functions.,,,,,,,,,,,,,,,,,,
Wainuiomata,Western Hutt Hills,power,1,1,Households use from local sources and response priority sites use own pre-arranged power supply for essential functions.,,,,,,,,,,,,,,,,,,
Seaview Fuel Terminal,Upper Hutt,power,1,1,Households use from local sources and response priority sites use own pre-arranged power supply for essential functions.,,,,,,,,,,,,,,,,,,
Eastbourne,Stokes Valley,power,1,1,Households use from local sources and response priority sites use own pre-arranged power supply for essential functions.,,,,,,,,,,,,,,,,,,
Wairarapa,Wairarapa,power,1,1,Households use from local sources and response priority sites use own pre-arranged power supply for essential functions.,,,,,,,,,,,,,,,,,,
Kapiti Coast,Kapiti Coast,power,2,1,Households use from local sources and response priority sites use own pre-arranged power supply for essential functions.,,,,,,,,,,,,,,,,,,
Porirua North,Porirua North,power,2,1,Households use from local sources and response priority sites use own pre-arranged power supply for essential functions.,,,,,,,,,,,,,,,,,,
Titahi Bay,Porirua CBD,power,2,1,Households use from local sources and response priority sites use own pre-arranged power supply for essential functions.,,,,,,,,,,,,,,,,,,
Porirua CBD,Titahi Bay,power,2,1,Households use from local sources and response priority sites use own pre-arranged power supply for essential functions.,,,,,,,,,,,,,,,,,,
Porirua East,Tawa,power,2,1,Households use from local sources and response priority sites use own pre-arranged power supply for essential functions.,,,,,,,,,,,,,,,,,,
Tawa 'CBD',Porirua East,power,2,1,Households use from local sources and response priority sites use own pre-arranged power supply for essential functions.,,,,,,,,,,,,,,,,,,
Johnsonville CBD,Johnsonville,power,2,1,Households use from local sources and response priority sites use own pre-arranged power supply for essential functions.,,,,,,,,,,,,,,,,,,
Wlgtn Western Suburbs,Wellington Western Suburbs,power,2,1,Households use from local sources and response priority sites use own pre-arranged power supply for essential functions.,,,,,,,,,,,,,,,,,,
Karori,Karori,power,2,1,Households use from local sources and response priority sites use own pre-arranged power supply for essential functions.,,,,,,,,,,,,,,,,,,
Wlgtn RORO&CBD,Wellington RORO & CBD,power,2,1,Households use from local sources and response priority sites use own pre-arranged power supply for essential functions.,,,,,,,,,,,,,,,,,,
Newtown,Newtown,power,2,1,Households use from local sources and response priority sites use own pre-arranged power supply for essential functions.,,,,,,,,,,,,,,,,,,
Wlgtn Southern Suburbs,Wellington Southern Suburbs,power,2,1,Households use from local sources and response priority sites use own pre-arranged power supply for essential functions.,,,,,,,,,,,,,,,,,,
Wlgtn Airport,Wellington Airport,power,2,1,Households use from local sources and response priority sites use own pre-arranged power supply for essential functions.,,,,,,,,,,,,,,,,,,
Miramar,Miramar,power,2,1,Households use from local sources and response priority sites use own pre-arranged power supply for essential functions.,,,,,,,,,,,,,,,,,,
Upper Hutt CBD,Petone,power,2,1,Households use from local sources and response priority sites use own pre-arranged power supply for essential functions.,,,,,,,,,,,,,,,,,,
Stokes Valley,Lower Hutt,power,2,1,Households use from local sources and response priority sites use own pre-arranged power supply for essential functions.,,,,,,,,,,,,,,,,,,
Western Hutt Hills,Seaview Fuel Terminal,power,2,1,Households use from local sources and response priority sites use own pre-arranged power supply for essential functions.,,,,,,,,,,,,,,,,,,
Lower Hutt,Eastbourne,power,2,1,Households use from local sources and response priority sites use own pre-arranged power supply for essential functions.,,,,,,,,,,,,,,,,,,
Petone,Wainuiomata,power,2,1,Households use from local sources and response priority sites use own pre-arranged power supply for essential functions.,,,,,,,,,,,,,,,,,,
Wainuiomata,Western Hutt Hills,power,2,1,Households use from local sources and response priority sites use own pre-arranged power supply for essential functions.,,,,,,,,,,,,,,,,,,
Seaview Fuel Terminal,Upper Hutt,power,2,1,Households use from local sources and response priority sites use own pre-arranged power supply for essential functions.,,,,,,,,,,,,,,,,,,
Eastbourne,Stokes Valley,power,2,1,Households use from local sources and response priority sites use own pre-arranged power supply for essential functions.,,,,,,,,,,,,,,,,,,
Wairarapa,Wairarapa,power,2,1,Households use from local sources and response priority sites use own pre-arranged power supply for essential functions.,,,,,,,,,,,,,,,,,,
Kapiti Coast,Kapiti Coast,power,3,1,Households use from local sources and response priority sites use own pre-arranged power supply for essential functions.,,,,,,,,,,,,,,,,,,
Porirua North,Porirua North,power,3,1,Households use from local sources and response priority sites use own pre-arranged power supply for essential functions.,,,,,,,,,,,,,,,,,,
Titahi Bay,Porirua CBD,power,3,1,Households use from local sources and response priority sites use own pre-arranged power supply for essential functions.,,,,,,,,,,,,,,,,,,
Porirua CBD,Titahi Bay,power,3,1,Households use from local sources and response priority sites use own pre-arranged power supply for essential functions.,,,,,,,,,,,,,,,,,,
Porirua East,Tawa,power,3,1,Households use from local sources and response priority sites use own pre-arranged power supply for essential functions.,,,,,,,,,,,,,,,,,,
Tawa 'CBD',Porirua East,power,3,1,Households use from local sources and response priority sites use own pre-arranged power supply for essential functions.,,,,,,,,,,,,,,,,,,
Johnsonville CBD,Johnsonville,power,3,1,Households use from local sources and response priority sites use own pre-arranged power supply for essential functions.,,,,,,,,,,,,,,,,,,
Wlgtn Western Suburbs,Wellington Western Suburbs,power,3,1,Households use from local sources and response priority sites use own pre-arranged power supply for essential functions.,,,,,,,,,,,,,,,,,,
Karori,Karori,power,3,1,Households use from local sources and response priority sites use own pre-arranged power supply for essential functions.,,,,,,,,,,,,,,,,,,
Wlgtn RORO&CBD,Wellington RORO & CBD,power,3,1,Households use from local sources and response priority sites use own pre-arranged power supply for essential functions.,,,,,,,,,,,,,,,,,,
Newtown,Newtown,power,3,1,Households use from local sources and response priority sites use own pre-arranged power supply for essential functions.,,,,,,,,,,,,,,,,,,
Wlgtn Southern Suburbs,Wellington Southern Suburbs,power,3,1,Households use from local sources and response priority sites use own pre-arranged power supply for essential functions.,,,,,,,,,,,,,,,,,,
Wlgtn Airport,Wellington Airport,power,3,1,Households use from local sources and response priority sites use own pre-arranged power supply for essential functions.,,,,,,,,,,,,,,,,,,
Miramar,Miramar,power,3,1,Households use from local sources and response priority sites use own pre-arranged power supply for essential functions.,,,,,,,,,,,,,,,,,,
Upper Hutt CBD,Petone,power,3,1,Households use from local sources and response priority sites use own pre-arranged power supply for essential functions.,,,,,,,,,,,,,,,,,,
Stokes Valley,Lower Hutt,power,3,1,Households use from local sources and response priority sites use own pre-arranged power supply for essential functions.,,,,,,,,,,,,,,,,,,
Western Hutt Hills,Seaview Fuel Terminal,power,3,1,Households use from local sources and response priority sites use own pre-arranged power supply for essential functions.,,,,,,,,,,,,,,,,,,
Lower Hutt,Eastbourne,power,3,1,Households use from local sources and response priority sites use own pre-arranged power supply for essential functions.,,,,,,,,,,,,,,,,,,
Petone,Wainuiomata,power,3,1,Households use from local sources and response priority sites use own pre-arranged power supply for essential functions.,,,,,,,,,,,,,,,,,,
Wainuiomata,Western Hutt Hills,power,3,1,Households use from local sources and response priority sites use own pre-arranged power supply for essential functions.,,,,,,,,,,,,,,,,,,
Seaview Fuel Terminal,Upper Hutt,power,3,1,Households use from local sources and response priority sites use own pre-arranged power supply for essential functions.,,,,,,,,,,,,,,,,,,
Eastbourne,Stokes Valley,power,3,1,Households use from local sources and response priority sites use own pre-arranged power supply for essential functions.,,,,,,,,,,,,,,,,,,
Wairarapa,Wairarapa,power,3,1,Households use from local sources and response priority sites use own pre-arranged power supply for essential functions.,,,,,,,,,,,,,,,,,,
Kapiti Coast,Kapiti Coast,power,4,1,Power to response priority sites and key utility sites,,,,,,,,,,,,,,,,,,
Porirua North,Porirua North,power,4,2,Power to response priority sites and key utility sites,,,,,,,,,,,,,,,,,,
Titahi Bay,Porirua CBD,power,4,2,Power to response priority sites and key utility sites,,,,,,,,,,,,,,,,,,
Porirua CBD,Titahi Bay,power,4,2,Power to response priority sites and key utility sites,,,,,,,,,,,,,,,,,,
Porirua East,Tawa,power,4,2,Power to response priority sites and key utility sites,,,,,,,,,,,,,,,,,,
Tawa 'CBD',Porirua East,power,4,2,Power to response priority sites and key utility sites,,,,,,,,,,,,,,,,,,
Johnsonville CBD,Johnsonville,power,4,2,Power to response priority sites and key utility sites,,,,,,,,,,,,,,,,,,
Wlgtn Western Suburbs,Wellington Western Suburbs,power,4,2,Power to response priority sites and key utility sites,,,,,,,,,,,,,,,,,,
Karori,Karori,power,4,2,Power to response priority sites and key utility sites,,,,,,,,,,,,,,,,,,
Wlgtn RORO&CBD,Wellington RORO & CBD,power,4,2,Power to response priority sites and key utility sites,,,,,,,,,,,,,,,,,,
Newtown,Newtown,power,4,2,Power to response priority sites and key utility sites,,,,,,,,,,,,,,,,,,
Wlgtn Southern Suburbs,Wellington Southern Suburbs,power,4,2,Power to response priority sites and key utility sites,,,,,,,,,,,,,,,,,,
Wlgtn Airport,Wellington Airport,power,4,2,Power to response priority sites and key utility sites,,,,,,,,,,,,,,,,,,
Miramar,Miramar,power,4,2,Power to response priority sites and key utility sites,,,,,,,,,,,,,,,,,,
Upper Hutt CBD,Petone,power,4,2,Power to response priority sites and key utility sites,,,,,,,,,,,,,,,,,,
Stokes Valley,Lower Hutt,power,4,2,Power to response priority sites and key utility sites,,,,,,,,,,,,,,,,,,
Western Hutt Hills,Seaview Fuel Terminal,power,4,2,Power to response priority sites and key utility sites,,,,,,,,,,,,,,,,,,
Lower Hutt,Eastbourne,power,4,2,Power to response priority sites and key utility sites,,,,,,,,,,,,,,,,,,
Petone,Wainuiomata,power,4,2,Power to response priority sites and key utility sites,,,,,,,,,,,,,,,,,,
Wainuiomata,Western Hutt Hills,power,4,2,Power to response priority sites and key utility sites,,,,,,,,,,,,,,,,,,
Seaview Fuel Terminal,Upper Hutt,power,4,2,Power to response priority sites and key utility sites,,,,,,,,,,,,,,,,,,
Eastbourne,Stokes Valley,power,4,2,Power to response priority sites and key utility sites,,,,,,,,,,,,,,,,,,
Wairarapa,Wairarapa,power,4,2,Power to response priority sites and key utility sites,,,,,,,,,,,,,,,,,,
Kapiti Coast,Kapiti Coast,power,5,1,At least 80% of individuals receive at least 80% of ‘BAU’ delivery,,,,,,,,,,,,,,,,,,
Porirua North,Porirua North,power,5,1,At least 80% of individuals receive at least 80% of ‘BAU’ delivery,,,,,,,,,,,,,,,,,,
Titahi Bay,Porirua CBD,power,5,1,At least 80% of individuals receive at least 80% of ‘BAU’ delivery,,,,,,,,,,,,,,,,,,
Porirua CBD,Titahi Bay,power,5,1,At least 80% of individuals receive at least 80% of ‘BAU’ delivery,,,,,,,,,,,,,,,,,,
Porirua East,Tawa,power,5,1,At least 80% of individuals receive at least 80% of ‘BAU’ delivery,,,,,,,,,,,,,,,,,,
Tawa 'CBD',Porirua East,power,5,1,At least 80% of individuals receive at least 80% of ‘BAU’ delivery,,,,,,,,,,,,,,,,,,
Johnsonville CBD,Johnsonville,power,5,1,At least 80% of individuals receive at least 80% of ‘BAU’ delivery,,,,,,,,,,,,,,,,,,
Wlgtn Western Suburbs,Wellington Western Suburbs,power,5,1,At least 80% of individuals receive at least 80% of ‘BAU’ delivery,,,,,,,,,,,,,,,,,,
Karori,Karori,power,5,1,At least 80% of individuals receive at least 80% of ‘BAU’ delivery,,,,,,,,,,,,,,,,,,
Wlgtn RORO&CBD,Wellington RORO & CBD,power,5,1,At least 80% of individuals receive at least 80% of ‘BAU’ delivery,,,,,,,,,,,,,,,,,,
Newtown,Newtown,power,5,1,At least 80% of individuals receive at least 80% of ‘BAU’ delivery,,,,,,,,,,,,,,,,,,
Wlgtn Southern Suburbs,Wellington Southern Suburbs,power,5,1,At least 80% of individuals receive at least 80% of ‘BAU’ delivery,,,,,,,,,,,,,,,,,,
Wlgtn Airport,Wellington Airport,power,5,1,At least 80% of individuals receive at least 80% of ‘BAU’ delivery,,,,,,,,,,,,,,,,,,
Miramar,Miramar,power,5,1,At least 80% of individuals receive at least 80% of ‘BAU’ delivery,,,,,,,,,,,,,,,,,,
Upper Hutt CBD,Petone,power,5,1,At least 80% of individuals receive at least 80% of ‘BAU’ delivery,,,,,,,,,,,,,,,,,,
Stokes Valley,Lower Hutt,power,5,1,At least 80% of individuals receive at least 80% of ‘BAU’ delivery,,,,,,,,,,,,,,,,,,
Western Hutt Hills,Seaview Fuel Terminal,power,5,1,At least 80% of individuals receive at least 80% of ‘BAU’ delivery,,,,,,,,,,,,,,,,,,
Lower Hutt,Eastbourne,power,5,1,At least 80% of individuals receive at least 80% of ‘BAU’ delivery,,,,,,,,,,,,,,,,,,
Petone,Wainuiomata,power,5,1,At least 80% of individuals receive at least 80% of ‘BAU’ delivery,,,,,,,,,,,,,,,,,,
Wainuiomata,Western Hutt Hills,power,5,1,At least 80% of individuals receive at least 80% of ‘BAU’ delivery,,,,,,,,,,,,,,,,,,
Seaview Fuel Terminal,Upper Hutt,power,5,1,At least 80% of individuals receive at least 80% of ‘BAU’ delivery,,,,,,,,,,,,,,,,,,
Eastbourne,Stokes Valley,power,5,1,At least 80% of individuals receive at least 80% of ‘BAU’ delivery,,,,,,,,,,,,,,,,,,
Wairarapa,Wairarapa,power,5,1,At least 80% of individuals receive at least 80% of ‘BAU’ delivery,,,,,,,,,,,,,,,,,,
Kapiti Coast,Kapiti Coast,telecommunications,0,1,Full service,,,,,,,,,,,,,,,,,,
Porirua North,Porirua North,telecommunications,0,1,Full service,,,,,,,,,,,,,,,,,,
Titahi Bay,Porirua CBD,telecommunications,0,1,Full service,,,,,,,,,,,,,,,,,,
Porirua CBD,Titahi Bay,telecommunications,0,1,Full service,,,,,,,,,,,,,,,,,,
Porirua East,Tawa,telecommunications,0,1,Full service,,,,,,,,,,,,,,,,,,
Tawa 'CBD',Porirua East,telecommunications,0,1,Full service,,,,,,,,,,,,,,,,,,
Johnsonville CBD,Johnsonville,telecommunications,0,1,Full service,,,,,,,,,,,,,,,,,,
Wlgtn Western Suburbs,Wellington Western Suburbs,telecommunications,0,1,Full service,,,,,,,,,,,,,,,,,,
Karori,Karori,telecommunications,0,1,Full service,,,,,,,,,,,,,,,,,,
Wlgtn RORO&CBD,Wellington RORO & CBD,telecommunications,0,1,Full service,,,,,,,,,,,,,,,,,,
Newtown,Newtown,telecommunications,0,1,Full service,,,,,,,,,,,,,,,,,,
Wlgtn Southern Suburbs,Wellington Southern Suburbs,telecommunications,0,1,Full service,,,,,,,,,,,,,,,,,,
Wlgtn Airport,Wellington Airport,telecommunications,0,1,Full service,,,,,,,,,,,,,,,,,,
Miramar,Miramar,telecommunications,0,1,Full service,,,,,,,,,,,,,,,,,,
Upper Hutt CBD,Petone,telecommunications,0,1,Full service,,,,,,,,,,,,,,,,,,
Stokes Valley,Lower Hutt,telecommunications,0,1,Full service,,,,,,,,,,,,,,,,,,
Western Hutt Hills,Seaview Fuel Terminal,telecommunications,0,1,Full service,,,,,,,,,,,,,,,,,,
Lower Hutt,Eastbourne,telecommunications,0,1,Full service,,,,,,,,,,,,,,,,,,
Petone,Wainuiomata,telecommunications,0,1,Full service,,,,,,,,,,,,,,,,,,
Wainuiomata,Western Hutt Hills,telecommunications,0,1,Full service,,,,,,,,,,,,,,,,,,
Seaview Fuel Terminal,Upper Hutt,telecommunications,0,1,Full service,,,,,,,,,,,,,,,,,,
Eastbourne,Stokes Valley,telecommunications,0,1,Full service,,,,,,,,,,,,,,,,,,
Wairarapa,Wairarapa,telecommunications,0,1,Full service,,,,,,,,,,,,,,,,,,
Kapiti Coast,Kapiti Coast,telecommunications,1,2,Ability to send and receive texts (albeit with potential delays). ,,,,,,,,,,,,,,,,,,
Porirua North,Porirua North,telecommunications,1,2,Ability to send and receive texts (albeit with potential delays). ,,,,,,,,,,,,,,,,,,
Titahi Bay,Porirua CBD,telecommunications,1,2,Ability to send and receive texts (albeit with potential delays). ,,,,,,,,,,,,,,,,,,
Porirua CBD,Titahi Bay,telecommunications,1,2,Ability to send and receive texts (albeit with potential delays). ,,,,,,,,,,,,,,,,,,
Porirua East,Tawa,telecommunications,1,2,Ability to send and receive texts (albeit with potential delays). ,,,,,,,,,,,,,,,,,,
Tawa 'CBD',Porirua East,telecommunications,1,2,Ability to send and receive texts (albeit with potential delays). ,,,,,,,,,,,,,,,,,,
Johnsonville CBD,Johnsonville,telecommunications,1,2,Ability to send and receive texts (albeit with potential delays). ,,,,,,,,,,,,,,,,,,
Wlgtn Western Suburbs,Wellington Western Suburbs,telecommunications,1,2,Ability to send and receive texts (albeit with potential delays). ,,,,,,,,,,,,,,,,,,
Karori,Karori,telecommunications,1,2,Ability to send and receive texts (albeit with potential delays). ,,,,,,,,,,,,,,,,,,
Wlgtn RORO&CBD,Wellington RORO & CBD,telecommunications,1,2,Ability to send and receive texts (albeit with potential delays). ,,,,,,,,,,,,,,,,,,
Newtown,Newtown,telecommunications,1,2,Ability to send and receive texts (albeit with potential delays). ,,,,,,,,,,,,,,,,,,
Wlgtn Southern Suburbs,Wellington Southern Suburbs,telecommunications,1,2,Ability to send and receive texts (albeit with potential delays). ,,,,,,,,,,,,,,,,,,
Wlgtn Airport,Wellington Airport,telecommunications,1,2,Ability to send and receive texts (albeit with potential delays). ,,,,,,,,,,,,,,,,,,
Miramar,Miramar,telecommunications,1,2,Ability to send and receive texts (albeit with potential delays). ,,,,,,,,,,,,,,,,,,
Upper Hutt CBD,Petone,telecommunications,1,2,Ability to send and receive texts (albeit with potential delays). ,,,,,,,,,,,,,,,,,,
Stokes Valley,Lower Hutt,telecommunications,1,2,Ability to send and receive texts (albeit with potential delays). ,,,,,,,,,,,,,,,,,,
Western Hutt Hills,Seaview Fuel Terminal,telecommunications,1,2,Ability to send and receive texts (albeit with potential delays). ,,,,,,,,,,,,,,,,,,
Lower Hutt,Eastbourne,telecommunications,1,2,Ability to send and receive texts (albeit with potential delays). ,,,,,,,,,,,,,,,,,,
Petone,Wainuiomata,telecommunications,1,2,Ability to send and receive texts (albeit with potential delays). ,,,,,,,,,,,,,,,,,,
Wainuiomata,Western Hutt Hills,telecommunications,1,2,Ability to send and receive texts (albeit with potential delays). ,,,,,,,,,,,,,,,,,,
Seaview Fuel Terminal,Upper Hutt,telecommunications,1,2,Ability to send and receive texts (albeit with potential delays). ,,,,,,,,,,,,,,,,,,
Eastbourne,Stokes Valley,telecommunications,1,2,Ability to send and receive texts (albeit with potential delays). ,,,,,,,,,,,,,,,,,,
Wairarapa,Wairarapa,telecommunications,1,2,Ability to send and receive texts (albeit with potential delays). ,,,,,,,,,,,,,,,,,,
Kapiti Coast,Kapiti Coast,telecommunications,2,1,Access mobile data for minimal functionality at defined locations such as at Community Emergency Hubs. ,,,,,,,,,,,,,,,,,,
Porirua North,Porirua North,telecommunications,2,1,Access mobile data for minimal functionality at defined locations such as at Community Emergency Hubs. ,,,,,,,,,,,,,,,,,,
Titahi Bay,Porirua CBD,telecommunications,2,1,Access mobile data for minimal functionality at defined locations such as at Community Emergency Hubs. ,,,,,,,,,,,,,,,,,,
Porirua CBD,Titahi Bay,telecommunications,2,1,Access mobile data for minimal functionality at defined locations such as at Community Emergency Hubs. ,,,,,,,,,,,,,,,,,,
Porirua East,Tawa,telecommunications,2,1,Access mobile data for minimal functionality at defined locations such as at Community Emergency Hubs. ,,,,,,,,,,,,,,,,,,
Tawa 'CBD',Porirua East,telecommunications,2,1,Access mobile data for minimal functionality at defined locations such as at Community Emergency Hubs. ,,,,,,,,,,,,,,,,,,
Johnsonville CBD,Johnsonville,telecommunications,2,1,Access mobile data for minimal functionality at defined locations such as at Community Emergency Hubs. ,,,,,,,,,,,,,,,,,,
Wlgtn Western Suburbs,Wellington Western Suburbs,telecommunications,2,1,Access mobile data for minimal functionality at defined locations such as at Community Emergency Hubs. ,,,,,,,,,,,,,,,,,,
Karori,Karori,telecommunications,2,2,Access mobile data for minimal functionality at defined locations such as at Community Emergency Hubs. ,,,,,,,,,,,,,,,,,,
Wlgtn RORO&CBD,Wellington RORO & CBD,telecommunications,2,2,Access mobile data for minimal functionality at defined locations such as at Community Emergency Hubs. ,,,,,,,,,,,,,,,,,,
Newtown,Newtown,telecommunications,2,2,Access mobile data for minimal functionality at defined locations such as at Community Emergency Hubs. ,,,,,,,,,,,,,,,,,,
Wlgtn Southern Suburbs,Wellington Southern Suburbs,telecommunications,2,2,Access mobile data for minimal functionality at defined locations such as at Community Emergency Hubs. ,,,,,,,,,,,,,,,,,,
Wlgtn Airport,Wellington Airport,telecommunications,2,2,Access mobile data for minimal functionality at defined locations such as at Community Emergency Hubs. ,,,,,,,,,,,,,,,,,,
Miramar,Miramar,telecommunications,2,2,Access mobile data for minimal functionality at defined locations such as at Community Emergency Hubs. ,,,,,,,,,,,,,,,,,,
Upper Hutt CBD,Petone,telecommunications,2,2,Access mobile data for minimal functionality at defined locations such as at Community Emergency Hubs. ,,,,,,,,,,,,,,,,,,
Stokes Valley,Lower Hutt,telecommunications,2,2,Access mobile data for minimal functionality at defined locations such as at Community Emergency Hubs. ,,,,,,,,,,,,,,,,,,
Western Hutt Hills,Seaview Fuel Terminal,telecommunications,2,2,Access mobile data for minimal functionality at defined locations such as at Community Emergency Hubs. ,,,,,,,,,,,,,,,,,,
Lower Hutt,Eastbourne,telecommunications,2,2,Access mobile data for minimal functionality at defined locations such as at Community Emergency Hubs. ,,,,,,,,,,,,,,,,,,
Petone,Wainuiomata,telecommunications,2,2,Access mobile data for minimal functionality at defined locations such as at Community Emergency Hubs. ,,,,,,,,,,,,,,,,,,
Wainuiomata,Western Hutt Hills,telecommunications,2,2,Access mobile data for minimal functionality at defined locations such as at Community Emergency Hubs. ,,,,,,,,,,,,,,,,,,
Seaview Fuel Terminal,Upper Hutt,telecommunications,2,2,Access mobile data for minimal functionality at defined locations such as at Community Emergency Hubs. ,,,,,,,,,,,,,,,,,,
Eastbourne,Stokes Valley,telecommunications,2,2,Access mobile data for minimal functionality at defined locations such as at Community Emergency Hubs. ,,,,,,,,,,,,,,,,,,
Wairarapa,Wairarapa,telecommunications,2,2,Access mobile data for minimal functionality at defined locations such as at Community Emergency Hubs. ,,,,,,,,,,,,,,,,,,
Kapiti Coast,Kapiti Coast,telecommunications,3,1,Access mobile data for minimal functionality at defined locations such as at Community Emergency Hubs. ,,,,,,,,,,,,,,,,,,
Porirua North,Porirua North,telecommunications,3,1,Access mobile data for minimal functionality at defined locations such as at Community Emergency Hubs. ,,,,,,,,,,,,,,,,,,
Titahi Bay,Porirua CBD,telecommunications,3,1,Access mobile data for minimal functionality at defined locations such as at Community Emergency Hubs. ,,,,,,,,,,,,,,,,,,
Porirua CBD,Titahi Bay,telecommunications,3,1,Access mobile data for minimal functionality at defined locations such as at Community Emergency Hubs. ,,,,,,,,,,,,,,,,,,
Porirua East,Tawa,telecommunications,3,1,Access mobile data for minimal functionality at defined locations such as at Community Emergency Hubs. ,,,,,,,,,,,,,,,,,,
Tawa 'CBD',Porirua East,telecommunications,3,1,Access mobile data for minimal functionality at defined locations such as at Community Emergency Hubs. ,,,,,,,,,,,,,,,,,,
Johnsonville CBD,Johnsonville,telecommunications,3,1,Access mobile data for minimal functionality at defined locations such as at Community Emergency Hubs. ,,,,,,,,,,,,,,,,,,
Wlgtn Western Suburbs,Wellington Western Suburbs,telecommunications,3,1,Access mobile data for minimal functionality at defined locations such as at Community Emergency Hubs. ,,,,,,,,,,,,,,,,,,
Karori,Karori,telecommunications,3,2,Access mobile data for minimal functionality at defined locations such as at Community Emergency Hubs. ,,,,,,,,,,,,,,,,,,
Wlgtn RORO&CBD,Wellington RORO & CBD,telecommunications,3,2,Access mobile data for minimal functionality at defined locations such as at Community Emergency Hubs. ,,,,,,,,,,,,,,,,,,
Newtown,Newtown,telecommunications,3,2,Access mobile data for minimal functionality at defined locations such as at Community Emergency Hubs. ,,,,,,,,,,,,,,,,,,
Wlgtn Southern Suburbs,Wellington Southern Suburbs,telecommunications,3,2,Access mobile data for minimal functionality at defined locations such as at Community Emergency Hubs. ,,,,,,,,,,,,,,,,,,
Wlgtn Airport,Wellington Airport,telecommunications,3,2,Access mobile data for minimal functionality at defined locations such as at Community Emergency Hubs. ,,,,,,,,,,,,,,,,,,
Miramar,Miramar,telecommunications,3,2,Access mobile data for minimal functionality at defined locations such as at Community Emergency Hubs. ,,,,,,,,,,,,,,,,,,
Upper Hutt CBD,Petone,telecommunications,3,2,Access mobile data for minimal functionality at defined locations such as at Community Emergency Hubs. ,,,,,,,,,,,,,,,,,,
Stokes Valley,Lower Hutt,telecommunications,3,2,Access mobile data for minimal functionality at defined locations such as at Community Emergency Hubs. ,,,,,,,,,,,,,,,,,,
Western Hutt Hills,Seaview Fuel Terminal,telecommunications,3,2,Access mobile data for minimal functionality at defined locations such as at Community Emergency Hubs. ,,,,,,,,,,,,,,,,,,
Lower Hutt,Eastbourne,telecommunications,3,2,Access mobile data for minimal functionality at defined locations such as at Community Emergency Hubs. ,,,,,,,,,,,,,,,,,,
Petone,Wainuiomata,telecommunications,3,2,Access mobile data for minimal functionality at defined locations such as at Community Emergency Hubs. ,,,,,,,,,,,,,,,,,,
Wainuiomata,Western Hutt Hills,telecommunications,3,2,Access mobile data for minimal functionality at defined locations such as at Community Emergency Hubs. ,,,,,,,,,,,,,,,,,,
Seaview Fuel Terminal,Upper Hutt,telecommunications,3,2,Access mobile data for minimal functionality at defined locations such as at Community Emergency Hubs. ,,,,,,,,,,,,,,,,,,
Eastbourne,Stokes Valley,telecommunications,3,2,Access mobile data for minimal functionality at defined locations such as at Community Emergency Hubs. ,,,,,,,,,,,,,,,,,,
Wairarapa,Wairarapa,telecommunications,3,2,Access mobile data for minimal functionality at defined locations such as at Community Emergency Hubs. ,,,,,,,,,,,,,,,,,,
Kapiti Coast,Kapiti Coast,telecommunications,4,1,Access mobile data for almost normal data capability.,,,,,,,,,,,,,,,,,,
Porirua North,Porirua North,telecommunications,4,1,Access mobile data for almost normal data capability.,,,,,,,,,,,,,,,,,,
Titahi Bay,Porirua CBD,telecommunications,4,1,Access mobile data for almost normal data capability.,,,,,,,,,,,,,,,,,,
Porirua CBD,Titahi Bay,telecommunications,4,1,Access mobile data for almost normal data capability.,,,,,,,,,,,,,,,,,,
Porirua East,Tawa,telecommunications,4,1,Access mobile data for almost normal data capability.,,,,,,,,,,,,,,,,,,
Tawa 'CBD',Porirua East,telecommunications,4,1,Access mobile data for almost normal data capability.,,,,,,,,,,,,,,,,,,
Johnsonville CBD,Johnsonville,telecommunications,4,1,Access mobile data for almost normal data capability.,,,,,,,,,,,,,,,,,,
Wlgtn Western Suburbs,Wellington Western Suburbs,telecommunications,4,1,Access mobile data for almost normal data capability.,,,,,,,,,,,,,,,,,,
Karori,Karori,telecommunications,4,1,Access mobile data for almost normal data capability.,,,,,,,,,,,,,,,,,,
Wlgtn RORO&CBD,Wellington RORO & CBD,telecommunications,4,1,Access mobile data for almost normal data capability.,,,,,,,,,,,,,,,,,,
Newtown,Newtown,telecommunications,4,1,Access mobile data for almost normal data capability.,,,,,,,,,,,,,,,,,,
Wlgtn Southern Suburbs,Wellington Southern Suburbs,telecommunications,4,1,Access mobile data for almost normal data capability.,,,,,,,,,,,,,,,,,,
Wlgtn Airport,Wellington Airport,telecommunications,4,1,Access mobile data for almost normal data capability.,,,,,,,,,,,,,,,,,,
Miramar,Miramar,telecommunications,4,1,Access mobile data for almost normal data capability.,,,,,,,,,,,,,,,,,,
Upper Hutt CBD,Petone,telecommunications,4,1,Access mobile data for almost normal data capability.,,,,,,,,,,,,,,,,,,
Stokes Valley,Lower Hutt,telecommunications,4,1,Access mobile data for almost normal data capability.,,,,,,,,,,,,,,,,,,
Western Hutt Hills,Seaview Fuel Terminal,telecommunications,4,1,Access mobile data for almost normal data capability.,,,,,,,,,,,,,,,,,,
Lower Hutt,Eastbourne,telecommunications,4,1,Access mobile data for almost normal data capability.,,,,,,,,,,,,,,,,,,
Petone,Wainuiomata,telecommunications,4,1,Access mobile data for almost normal data capability.,,,,,,,,,,,,,,,,,,
Wainuiomata,Western Hutt Hills,telecommunications,4,1,Access mobile data for almost normal data capability.,,,,,,,,,,,,,,,,,,
Seaview Fuel Terminal,Upper Hutt,telecommunications,4,1,Access mobile data for almost normal data capability.,,,,,,,,,,,,,,,,,,
Eastbourne,Stokes Valley,telecommunications,4,1,Access mobile data for almost normal data capability.,,,,,,,,,,,,,,,,,,
Wairarapa,Wairarapa,telecommunications,4,1,Access mobile data for almost normal data capability.,,,,,,,,,,,,,,,,,,
Kapiti Coast,Kapiti Coast,telecommunications,5,1,At least 80% of individuals receive at least 80% of ‘BAU’ delivery,,,,,,,,,,,,,,,,,,
Porirua North,Porirua North,telecommunications,5,1,At least 80% of individuals receive at least 80% of ‘BAU’ delivery,,,,,,,,,,,,,,,,,,
Titahi Bay,Porirua CBD,telecommunications,5,1,At least 80% of individuals receive at least 80% of ‘BAU’ delivery,,,,,,,,,,,,,,,,,,
Porirua CBD,Titahi Bay,telecommunications,5,1,At least 80% of individuals receive at least 80% of ‘BAU’ delivery,,,,,,,,,,,,,,,,,,
Porirua East,Tawa,telecommunications,5,1,At least 80% of individuals receive at least 80% of ‘BAU’ delivery,,,,,,,,,,,,,,,,,,
Tawa 'CBD',Porirua East,telecommunications,5,1,At least 80% of individuals receive at least 80% of ‘BAU’ delivery,,,,,,,,,,,,,,,,,,
Johnsonville CBD,Johnsonville,telecommunications,5,1,At least 80% of individuals receive at least 80% of ‘BAU’ delivery,,,,,,,,,,,,,,,,,,
Wlgtn Western Suburbs,Wellington Western Suburbs,telecommunications,5,1,At least 80% of individuals receive at least 80% of ‘BAU’ delivery,,,,,,,,,,,,,,,,,,
Karori,Karori,telecommunications,5,1,At least 80% of individuals receive at least 80% of ‘BAU’ delivery,,,,,,,,,,,,,,,,,,
Wlgtn RORO&CBD,Wellington RORO & CBD,telecommunications,5,1,At least 80% of individuals receive at least 80% of ‘BAU’ delivery,,,,,,,,,,,,,,,,,,
Newtown,Newtown,telecommunications,5,1,At least 80% of individuals receive at least 80% of ‘BAU’ delivery,,,,,,,,,,,,,,,,,,
Wlgtn Southern Suburbs,Wellington Southern Suburbs,telecommunications,5,1,At least 80% of individuals receive at least 80% of ‘BAU’ delivery,,,,,,,,,,,,,,,,,,
Wlgtn Airport,Wellington Airport,telecommunications,5,1,At least 80% of individuals receive at least 80% of ‘BAU’ delivery,,,,,,,,,,,,,,,,,,
Miramar,Miramar,telecommunications,5,1,At least 80% of individuals receive at least 80% of ‘BAU’ delivery,,,,,,,,,,,,,,,,,,
Upper Hutt CBD,Petone,telecommunications,5,1,At least 80% of individuals receive at least 80% of ‘BAU’ delivery,,,,,,,,,,,,,,,,,,
Stokes Valley,Lower Hutt,telecommunications,5,1,At least 80% of individuals receive at least 80% of ‘BAU’ delivery,,,,,,,,,,,,,,,,,,
Western Hutt Hills,Seaview Fuel Terminal,telecommunications,5,1,At least 80% of individuals receive at least 80% of ‘BAU’ delivery,,,,,,,,,,,,,,,,,,
Lower Hutt,Eastbourne,telecommunications,5,1,At least 80% of individuals receive at least 80% of ‘BAU’ delivery,,,,,,,,,,,,,,,,,,
Petone,Wainuiomata,telecommunications,5,1,At least 80% of individuals receive at least 80% of ‘BAU’ delivery,,,,,,,,,,,,,,,,,,
Wainuiomata,Western Hutt Hills,telecommunications,5,1,At least 80% of individuals receive at least 80% of ‘BAU’ delivery,,,,,,,,,,,,,,,,,,
Seaview Fuel Terminal,Upper Hutt,telecommunications,5,1,At least 80% of individuals receive at least 80% of ‘BAU’ delivery,,,,,,,,,,,,,,,,,,
Eastbourne,Stokes Valley,telecommunications,5,1,At least 80% of individuals receive at least 80% of ‘BAU’ delivery,,,,,,,,,,,,,,,,,,
Wairarapa,Wairarapa,telecommunications,5,1,At least 80% of individuals receive at least 80% of ‘BAU’ delivery,,,,,,,,,,,,,,,,,,
Kapiti Coast,Kapiti Coast,broadcast,0,1,Full service,,,,,,,,,,,,,,,,,,
Porirua North,Porirua North,broadcast,0,1,Full service,,,,,,,,,,,,,,,,,,
Titahi Bay,Porirua CBD,broadcast,0,1,Full service,,,,,,,,,,,,,,,,,,
Porirua CBD,Titahi Bay,broadcast,0,1,Full service,,,,,,,,,,,,,,,,,,
Porirua East,Tawa,broadcast,0,1,Full service,,,,,,,,,,,,,,,,,,
Tawa 'CBD',Porirua East,broadcast,0,1,Full service,,,,,,,,,,,,,,,,,,
Johnsonville CBD,Johnsonville,broadcast,0,1,Full service,,,,,,,,,,,,,,,,,,
Wlgtn Western Suburbs,Wellington Western Suburbs,broadcast,0,1,Full service,,,,,,,,,,,,,,,,,,
Karori,Karori,broadcast,0,1,Full service,,,,,,,,,,,,,,,,,,
Wlgtn RORO&CBD,Wellington RORO & CBD,broadcast,0,1,Full service,,,,,,,,,,,,,,,,,,
Newtown,Newtown,broadcast,0,1,Full service,,,,,,,,,,,,,,,,,,
Wlgtn Southern Suburbs,Wellington Southern Suburbs,broadcast,0,1,Full service,,,,,,,,,,,,,,,,,,
Wlgtn Airport,Wellington Airport,broadcast,0,1,Full service,,,,,,,,,,,,,,,,,,
Miramar,Miramar,broadcast,0,1,Full service,,,,,,,,,,,,,,,,,,
Upper Hutt CBD,Petone,broadcast,0,1,Full service,,,,,,,,,,,,,,,,,,
Stokes Valley,Lower Hutt,broadcast,0,1,Full service,,,,,,,,,,,,,,,,,,
Western Hutt Hills,Seaview Fuel Terminal,broadcast,0,1,Full service,,,,,,,,,,,,,,,,,,
Lower Hutt,Eastbourne,broadcast,0,1,Full service,,,,,,,,,,,,,,,,,,
Petone,Wainuiomata,broadcast,0,1,Full service,,,,,,,,,,,,,,,,,,
Wainuiomata,Western Hutt Hills,broadcast,0,1,Full service,,,,,,,,,,,,,,,,,,
Seaview Fuel Terminal,Upper Hutt,broadcast,0,1,Full service,,,,,,,,,,,,,,,,,,
Eastbourne,Stokes Valley,broadcast,0,1,Full service,,,,,,,,,,,,,,,,,,
Wairarapa,Wairarapa,broadcast,0,1,Full service,,,,,,,,,,,,,,,,,,
Kapiti Coast,Kapiti Coast,broadcast,1,2,FM radio – Priority Stations : fully operational ,,,,,,,,,,,,,,,,,,
Porirua North,Porirua North,broadcast,1,2,FM radio – Priority Stations : fully operational ,,,,,,,,,,,,,,,,,,
Titahi Bay,Porirua CBD,broadcast,1,2,FM radio – Priority Stations : fully operational ,,,,,,,,,,,,,,,,,,
Porirua CBD,Titahi Bay,broadcast,1,2,FM radio – Priority Stations : fully operational ,,,,,,,,,,,,,,,,,,
Porirua East,Tawa,broadcast,1,2,FM radio – Priority Stations : fully operational ,,,,,,,,,,,,,,,,,,
Tawa 'CBD',Porirua East,broadcast,1,2,FM radio – Priority Stations : fully operational ,,,,,,,,,,,,,,,,,,
Johnsonville CBD,Johnsonville,broadcast,1,2,FM radio – Priority Stations : fully operational ,,,,,,,,,,,,,,,,,,
Wlgtn Western Suburbs,Wellington Western Suburbs,broadcast,1,2,FM radio – Priority Stations : fully operational ,,,,,,,,,,,,,,,,,,
Karori,Karori,broadcast,1,2,FM radio – Priority Stations : fully operational ,,,,,,,,,,,,,,,,,,
Wlgtn RORO&CBD,Wellington RORO & CBD,broadcast,1,2,FM radio – Priority Stations : fully operational ,,,,,,,,,,,,,,,,,,
Newtown,Newtown,broadcast,1,2,FM radio – Priority Stations : fully operational ,,,,,,,,,,,,,,,,,,
Wlgtn Southern Suburbs,Wellington Southern Suburbs,broadcast,1,2,FM radio – Priority Stations : fully operational ,,,,,,,,,,,,,,,,,,
Wlgtn Airport,Wellington Airport,broadcast,1,2,FM radio – Priority Stations : fully operational ,,,,,,,,,,,,,,,,,,
Miramar,Miramar,broadcast,1,2,FM radio – Priority Stations : fully operational ,,,,,,,,,,,,,,,,,,
Upper Hutt CBD,Petone,broadcast,1,2,FM radio – Priority Stations : fully operational ,,,,,,,,,,,,,,,,,,
Stokes Valley,Lower Hutt,broadcast,1,2,FM radio – Priority Stations : fully operational ,,,,,,,,,,,,,,,,,,
Western Hutt Hills,Seaview Fuel Terminal,broadcast,1,2,FM radio – Priority Stations : fully operational ,,,,,,,,,,,,,,,,,,
Lower Hutt,Eastbourne,broadcast,1,2,FM radio – Priority Stations : fully operational ,,,,,,,,,,,,,,,,,,
Petone,Wainuiomata,broadcast,1,2,FM radio – Priority Stations : fully operational ,,,,,,,,,,,,,,,,,,
Wainuiomata,Western Hutt Hills,broadcast,1,2,FM radio – Priority Stations : fully operational ,,,,,,,,,,,,,,,,,,
Seaview Fuel Terminal,Upper Hutt,broadcast,1,2,FM radio – Priority Stations : fully operational ,,,,,,,,,,,,,,,,,,
Eastbourne,Stokes Valley,broadcast,1,2,FM radio – Priority Stations : fully operational ,,,,,,,,,,,,,,,,,,
Wairarapa,Wairarapa,broadcast,1,2,FM radio – Priority Stations : fully operational ,,,,,,,,,,,,,,,,,,
Kapiti Coast,Kapiti Coast,broadcast,2,1,"Fully functional for priority radio stations, no TV",,,,,,,,,,,,,,,,,,
Porirua North,Porirua North,broadcast,2,1,"Fully functional for priority radio stations, no TV",,,,,,,,,,,,,,,,,,
Titahi Bay,Porirua CBD,broadcast,2,1,"Fully functional for priority radio stations, no TV",,,,,,,,,,,,,,,,,,
Porirua CBD,Titahi Bay,broadcast,2,1,"Fully functional for priority radio stations, no TV",,,,,,,,,,,,,,,,,,
Porirua East,Tawa,broadcast,2,1,"Fully functional for priority radio stations, no TV",,,,,,,,,,,,,,,,,,
Tawa 'CBD',Porirua East,broadcast,2,1,"Fully functional for priority radio stations, no TV",,,,,,,,,,,,,,,,,,
Johnsonville CBD,Johnsonville,broadcast,2,1,"Fully functional for priority radio stations, no TV",,,,,,,,,,,,,,,,,,
Wlgtn Western Suburbs,Wellington Western Suburbs,broadcast,2,1,"Fully functional for priority radio stations, no TV",,,,,,,,,,,,,,,,,,
Karori,Karori,broadcast,2,1,"Fully functional for priority radio stations, no TV",,,,,,,,,,,,,,,,,,
Wlgtn RORO&CBD,Wellington RORO & CBD,broadcast,2,1,"Fully functional for priority radio stations, no TV",,,,,,,,,,,,,,,,,,
Newtown,Newtown,broadcast,2,1,"Fully functional for priority radio stations, no TV",,,,,,,,,,,,,,,,,,
Wlgtn Southern Suburbs,Wellington Southern Suburbs,broadcast,2,1,"Fully functional for priority radio stations, no TV",,,,,,,,,,,,,,,,,,
Wlgtn Airport,Wellington Airport,broadcast,2,1,"Fully functional for priority radio stations, no TV",,,,,,,,,,,,,,,,,,
Miramar,Miramar,broadcast,2,1,"Fully functional for priority radio stations, no TV",,,,,,,,,,,,,,,,,,
Upper Hutt CBD,Petone,broadcast,2,1,"Fully functional for priority radio stations, no TV",,,,,,,,,,,,,,,,,,
Stokes Valley,Lower Hutt,broadcast,2,1,"Fully functional for priority radio stations, no TV",,,,,,,,,,,,,,,,,,
Western Hutt Hills,Seaview Fuel Terminal,broadcast,2,1,"Fully functional for priority radio stations, no TV",,,,,,,,,,,,,,,,,,
Lower Hutt,Eastbourne,broadcast,2,1,"Fully functional for priority radio stations, no TV",,,,,,,,,,,,,,,,,,
Petone,Wainuiomata,broadcast,2,1,"Fully functional for priority radio stations, no TV",,,,,,,,,,,,,,,,,,
Wainuiomata,Western Hutt Hills,broadcast,2,1,"Fully functional for priority radio stations, no TV",,,,,,,,,,,,,,,,,,
Seaview Fuel Terminal,Upper Hutt,broadcast,2,1,"Fully functional for priority radio stations, no TV",,,,,,,,,,,,,,,,,,
Eastbourne,Stokes Valley,broadcast,2,1,"Fully functional for priority radio stations, no TV",,,,,,,,,,,,,,,,,,
Wairarapa,Wairarapa,broadcast,2,1,"Fully functional for priority radio stations, no TV",,,,,,,,,,,,,,,,,,
Kapiti Coast,Kapiti Coast,broadcast,3,1,"Fully functional for priority radio stations, no TV",,,,,,,,,,,,,,,,,,
Porirua North,Porirua North,broadcast,3,1,"Fully functional for priority radio stations, no TV",,,,,,,,,,,,,,,,,,
Titahi Bay,Porirua CBD,broadcast,3,1,"Fully functional for priority radio stations, no TV",,,,,,,,,,,,,,,,,,
Porirua CBD,Titahi Bay,broadcast,3,1,"Fully functional for priority radio stations, no TV",,,,,,,,,,,,,,,,,,
Porirua East,Tawa,broadcast,3,1,"Fully functional for priority radio stations, no TV",,,,,,,,,,,,,,,,,,
Tawa 'CBD',Porirua East,broadcast,3,1,"Fully functional for priority radio stations, no TV",,,,,,,,,,,,,,,,,,
Johnsonville CBD,Johnsonville,broadcast,3,1,"Fully functional for priority radio stations, no TV",,,,,,,,,,,,,,,,,,
Wlgtn Western Suburbs,Wellington Western Suburbs,broadcast,3,1,"Fully functional for priority radio stations, no TV",,,,,,,,,,,,,,,,,,
Karori,Karori,broadcast,3,1,"Fully functional for priority radio stations, no TV",,,,,,,,,,,,,,,,,,
Wlgtn RORO&CBD,Wellington RORO & CBD,broadcast,3,1,"Fully functional for priority radio stations, no TV",,,,,,,,,,,,,,,,,,
Newtown,Newtown,broadcast,3,1,"Fully functional for priority radio stations, no TV",,,,,,,,,,,,,,,,,,
Wlgtn Southern Suburbs,Wellington Southern Suburbs,broadcast,3,1,"Fully functional for priority radio stations, no TV",,,,,,,,,,,,,,,,,,
Wlgtn Airport,Wellington Airport,broadcast,3,1,"Fully functional for priority radio stations, no TV",,,,,,,,,,,,,,,,,,
Miramar,Miramar,broadcast,3,1,"Fully functional for priority radio stations, no TV",,,,,,,,,,,,,,,,,,
Upper Hutt CBD,Petone,broadcast,3,1,"Fully functional for priority radio stations, no TV",,,,,,,,,,,,,,,,,,
Stokes Valley,Lower Hutt,broadcast,3,1,"Fully functional for priority radio stations, no TV",,,,,,,,,,,,,,,,,,
Western Hutt Hills,Seaview Fuel Terminal,broadcast,3,1,"Fully functional for priority radio stations, no TV",,,,,,,,,,,,,,,,,,
Lower Hutt,Eastbourne,broadcast,3,1,"Fully functional for priority radio stations, no TV",,,,,,,,,,,,,,,,,,
Petone,Wainuiomata,broadcast,3,1,"Fully functional for priority radio stations, no TV",,,,,,,,,,,,,,,,,,
Wainuiomata,Western Hutt Hills,broadcast,3,1,"Fully functional for priority radio stations, no TV",,,,,,,,,,,,,,,,,,
Seaview Fuel Terminal,Upper Hutt,broadcast,3,1,"Fully functional for priority radio stations, no TV",,,,,,,,,,,,,,,,,,
Eastbourne,Stokes Valley,broadcast,3,1,"Fully functional for priority radio stations, no TV",,,,,,,,,,,,,,,,,,
Wairarapa,Wairarapa,broadcast,3,1,"Fully functional for priority radio stations, no TV",,,,,,,,,,,,,,,,,,
Kapiti Coast,Kapiti Coast,broadcast,4,1,"Fully functional for priority radio stations, no TV",,,,,,,,,,,,,,,,,,
Porirua North,Porirua North,broadcast,4,1,"Fully functional for priority radio stations, no TV",,,,,,,,,,,,,,,,,,
Titahi Bay,Porirua CBD,broadcast,4,1,"Fully functional for priority radio stations, no TV",,,,,,,,,,,,,,,,,,
Porirua CBD,Titahi Bay,broadcast,4,1,"Fully functional for priority radio stations, no TV",,,,,,,,,,,,,,,,,,
Porirua East,Tawa,broadcast,4,1,"Fully functional for priority radio stations, no TV",,,,,,,,,,,,,,,,,,
Tawa 'CBD',Porirua East,broadcast,4,1,"Fully functional for priority radio stations, no TV",,,,,,,,,,,,,,,,,,
Johnsonville CBD,Johnsonville,broadcast,4,1,"Fully functional for priority radio stations, no TV",,,,,,,,,,,,,,,,,,
Wlgtn Western Suburbs,Wellington Western Suburbs,broadcast,4,1,"Fully functional for priority radio stations, no TV",,,,,,,,,,,,,,,,,,
Karori,Karori,broadcast,4,1,"Fully functional for priority radio stations, no TV",,,,,,,,,,,,,,,,,,
Wlgtn RORO&CBD,Wellington RORO & CBD,broadcast,4,1,"Fully functional for priority radio stations, no TV",,,,,,,,,,,,,,,,,,
Newtown,Newtown,broadcast,4,1,"Fully functional for priority radio stations, no TV",,,,,,,,,,,,,,,,,,
Wlgtn Southern Suburbs,Wellington Southern Suburbs,broadcast,4,1,"Fully functional for priority radio stations, no TV",,,,,,,,,,,,,,,,,,
Wlgtn Airport,Wellington Airport,broadcast,4,1,"Fully functional for priority radio stations, no TV",,,,,,,,,,,,,,,,,,
Miramar,Miramar,broadcast,4,1,"Fully functional for priority radio stations, no TV",,,,,,,,,,,,,,,,,,
Upper Hutt CBD,Petone,broadcast,4,1,"Fully functional for priority radio stations, no TV",,,,,,,,,,,,,,,,,,
Stokes Valley,Lower Hutt,broadcast,4,1,"Fully functional for priority radio stations, no TV",,,,,,,,,,,,,,,,,,
Western Hutt Hills,Seaview Fuel Terminal,broadcast,4,1,"Fully functional for priority radio stations, no TV",,,,,,,,,,,,,,,,,,
Lower Hutt,Eastbourne,broadcast,4,1,"Fully functional for priority radio stations, no TV",,,,,,,,,,,,,,,,,,
Petone,Wainuiomata,broadcast,4,1,"Fully functional for priority radio stations, no TV",,,,,,,,,,,,,,,,,,
Wainuiomata,Western Hutt Hills,broadcast,4,1,"Fully functional for priority radio stations, no TV",,,,,,,,,,,,,,,,,,
Seaview Fuel Terminal,Upper Hutt,broadcast,4,1,"Fully functional for priority radio stations, no TV",,,,,,,,,,,,,,,,,,
Eastbourne,Stokes Valley,broadcast,4,1,"Fully functional for priority radio stations, no TV",,,,,,,,,,,,,,,,,,
Wairarapa,Wairarapa,broadcast,4,1,"Fully functional for priority radio stations, no TV",,,,,,,,,,,,,,,,,,
Kapiti Coast,Kapiti Coast,broadcast,5,1,At least 80% of individuals receive at least 80% of ‘BAU’ delivery,,,,,,,,,,,,,,,,,,
Porirua North,Porirua North,broadcast,5,1,At least 80% of individuals receive at least 80% of ‘BAU’ delivery,,,,,,,,,,,,,,,,,,
Titahi Bay,Porirua CBD,broadcast,5,1,At least 80% of individuals receive at least 80% of ‘BAU’ delivery,,,,,,,,,,,,,,,,,,
Porirua CBD,Titahi Bay,broadcast,5,1,At least 80% of individuals receive at least 80% of ‘BAU’ delivery,,,,,,,,,,,,,,,,,,
Porirua East,Tawa,broadcast,5,1,At least 80% of individuals receive at least 80% of ‘BAU’ delivery,,,,,,,,,,,,,,,,,,
Tawa 'CBD',Porirua East,broadcast,5,1,At least 80% of individuals receive at least 80% of ‘BAU’ delivery,,,,,,,,,,,,,,,,,,
Johnsonville CBD,Johnsonville,broadcast,5,1,At least 80% of individuals receive at least 80% of ‘BAU’ delivery,,,,,,,,,,,,,,,,,,
Wlgtn Western Suburbs,Wellington Western Suburbs,broadcast,5,1,At least 80% of individuals receive at least 80% of ‘BAU’ delivery,,,,,,,,,,,,,,,,,,
Karori,Karori,broadcast,5,1,At least 80% of individuals receive at least 80% of ‘BAU’ delivery,,,,,,,,,,,,,,,,,,
Wlgtn RORO&CBD,Wellington RORO & CBD,broadcast,5,1,At least 80% of individuals receive at least 80% of ‘BAU’ delivery,,,,,,,,,,,,,,,,,,
Newtown,Newtown,broadcast,5,1,At least 80% of individuals receive at least 80% of ‘BAU’ delivery,,,,,,,,,,,,,,,,,,
Wlgtn Southern Suburbs,Wellington Southern Suburbs,broadcast,5,1,At least 80% of individuals receive at least 80% of ‘BAU’ delivery,,,,,,,,,,,,,,,,,,
Wlgtn Airport,Wellington Airport,broadcast,5,1,At least 80% of individuals receive at least 80% of ‘BAU’ delivery,,,,,,,,,,,,,,,,,,
Miramar,Miramar,broadcast,5,1,At least 80% of individuals receive at least 80% of ‘BAU’ delivery,,,,,,,,,,,,,,,,,,
Upper Hutt CBD,Petone,broadcast,5,1,At least 80% of individuals receive at least 80% of ‘BAU’ delivery,,,,,,,,,,,,,,,,,,
Stokes Valley,Lower Hutt,broadcast,5,1,At least 80% of individuals receive at least 80% of ‘BAU’ delivery,,,,,,,,,,,,,,,,,,
Western Hutt Hills,Seaview Fuel Terminal,broadcast,5,1,At least 80% of individuals receive at least 80% of ‘BAU’ delivery,,,,,,,,,,,,,,,,,,
Lower Hutt,Eastbourne,broadcast,5,1,At least 80% of individuals receive at least 80% of ‘BAU’ delivery,,,,,,,,,,,,,,,,,,
Petone,Wainuiomata,broadcast,5,1,At least 80% of individuals receive at least 80% of ‘BAU’ delivery,,,,,,,,,,,,,,,,,,
Wainuiomata,Western Hutt Hills,broadcast,5,1,At least 80% of individuals receive at least 80% of ‘BAU’ delivery,,,,,,,,,,,,,,,,,,
Seaview Fuel Terminal,Upper Hutt,broadcast,5,1,At least 80% of individuals receive at least 80% of ‘BAU’ delivery,,,,,,,,,,,,,,,,,,
Eastbourne,Stokes Valley,broadcast,5,1,At least 80% of individuals receive at least 80% of ‘BAU’ delivery,,,,,,,,,,,,,,,,,,
Wairarapa,Wairarapa,broadcast,5,1,At least 80% of individuals receive at least 80% of ‘BAU’ delivery,,,,,,,,,,,,,,,,,,
Kapiti Coast,Kapiti Coast,sanitation,0,1,Full service,,,,,,,,,,,,,,,,,,
Porirua North,Porirua North,sanitation,0,1,Full service,,,,,,,,,,,,,,,,,,
Titahi Bay,Porirua CBD,sanitation,0,1,Full service,,,,,,,,,,,,,,,,,,
Porirua CBD,Titahi Bay,sanitation,0,1,Full service,,,,,,,,,,,,,,,,,,
Porirua East,Tawa,sanitation,0,1,Full service,,,,,,,,,,,,,,,,,,
Tawa 'CBD',Porirua East,sanitation,0,1,Full service,,,,,,,,,,,,,,,,,,
Johnsonville CBD,Johnsonville,sanitation,0,1,Full service,,,,,,,,,,,,,,,,,,
Wlgtn Western Suburbs,Wellington Western Suburbs,sanitation,0,1,Full service,,,,,,,,,,,,,,,,,,
Karori,Karori,sanitation,0,1,Full service,,,,,,,,,,,,,,,,,,
Wlgtn RORO&CBD,Wellington RORO & CBD,sanitation,0,1,Full service,,,,,,,,,,,,,,,,,,
Newtown,Newtown,sanitation,0,1,Full service,,,,,,,,,,,,,,,,,,
Wlgtn Southern Suburbs,Wellington Southern Suburbs,sanitation,0,1,Full service,,,,,,,,,,,,,,,,,,
Wlgtn Airport,Wellington Airport,sanitation,0,1,Full service,,,,,,,,,,,,,,,,,,
Miramar,Miramar,sanitation,0,1,Full service,,,,,,,,,,,,,,,,,,
Upper Hutt CBD,Petone,sanitation,0,1,Full service,,,,,,,,,,,,,,,,,,
Stokes Valley,Lower Hutt,sanitation,0,1,Full service,,,,,,,,,,,,,,,,,,
Western Hutt Hills,Seaview Fuel Terminal,sanitation,0,1,Full service,,,,,,,,,,,,,,,,,,
Lower Hutt,Eastbourne,sanitation,0,1,Full service,,,,,,,,,,,,,,,,,,
Petone,Wainuiomata,sanitation,0,1,Full service,,,,,,,,,,,,,,,,,,
Wainuiomata,Western Hutt Hills,sanitation,0,1,Full service,,,,,,,,,,,,,,,,,,
Seaview Fuel Terminal,Upper Hutt,sanitation,0,1,Full service,,,,,,,,,,,,,,,,,,
Eastbourne,Stokes Valley,sanitation,0,1,Full service,,,,,,,,,,,,,,,,,,
Wairarapa,Wairarapa,sanitation,0,1,Full service,,,,,,,,,,,,,,,,,,
Kapiti Coast,Kapiti Coast,sanitation,1,1,"Self-sufficiency by the community for sanitation needs (long-drops, two buckets or similar (no council service)).",,,,,,,,,,,,,,,,,,
Porirua North,Porirua North,sanitation,1,1,"Self-sufficiency by the community for sanitation needs (long-drops, two buckets or similar (no council service)).",,,,,,,,,,,,,,,,,,
Titahi Bay,Porirua CBD,sanitation,1,1,"Self-sufficiency by the community for sanitation needs (long-drops, two buckets or similar (no council service)).",,,,,,,,,,,,,,,,,,
Porirua CBD,Titahi Bay,sanitation,1,1,"Self-sufficiency by the community for sanitation needs (long-drops, two buckets or similar (no council service)).",,,,,,,,,,,,,,,,,,
Porirua East,Tawa,sanitation,1,1,"Self-sufficiency by the community for sanitation needs (long-drops, two buckets or similar (no council service)).",,,,,,,,,,,,,,,,,,
Tawa 'CBD',Porirua East,sanitation,1,1,"Self-sufficiency by the community for sanitation needs (long-drops, two buckets or similar (no council service)).",,,,,,,,,,,,,,,,,,
Johnsonville CBD,Johnsonville,sanitation,1,1,"Self-sufficiency by the community for sanitation needs (long-drops, two buckets or similar (no council service)).",,,,,,,,,,,,,,,,,,
Wlgtn Western Suburbs,Wellington Western Suburbs,sanitation,1,1,"Self-sufficiency by the community for sanitation needs (long-drops, two buckets or similar (no council service)).",,,,,,,,,,,,,,,,,,
Karori,Karori,sanitation,1,1,"Self-sufficiency by the community for sanitation needs (long-drops, two buckets or similar (no council service)).",,,,,,,,,,,,,,,,,,
Wlgtn RORO&CBD,Wellington RORO & CBD,sanitation,1,1,"Self-sufficiency by the community for sanitation needs (long-drops, two buckets or similar (no council service)).",,,,,,,,,,,,,,,,,,
Newtown,Newtown,sanitation,1,1,"Self-sufficiency by the community for sanitation needs (long-drops, two buckets or similar (no council service)).",,,,,,,,,,,,,,,,,,
Wlgtn Southern Suburbs,Wellington Southern Suburbs,sanitation,1,1,"Self-sufficiency by the community for sanitation needs (long-drops, two buckets or similar (no council service)).",,,,,,,,,,,,,,,,,,
Wlgtn Airport,Wellington Airport,sanitation,1,1,"Self-sufficiency by the community for sanitation needs (long-drops, two buckets or similar (no council service)).",,,,,,,,,,,,,,,,,,
Miramar,Miramar,sanitation,1,1,"Self-sufficiency by the community for sanitation needs (long-drops, two buckets or similar (no council service)).",,,,,,,,,,,,,,,,,,
Upper Hutt CBD,Petone,sanitation,1,1,"Self-sufficiency by the community for sanitation needs (long-drops, two buckets or similar (no council service)).",,,,,,,,,,,,,,,,,,
Stokes Valley,Lower Hutt,sanitation,1,1,"Self-sufficiency by the community for sanitation needs (long-drops, two buckets or similar (no council service)).",,,,,,,,,,,,,,,,,,
Western Hutt Hills,Seaview Fuel Terminal,sanitation,1,1,"Self-sufficiency by the community for sanitation needs (long-drops, two buckets or similar (no council service)).",,,,,,,,,,,,,,,,,,
Lower Hutt,Eastbourne,sanitation,1,1,"Self-sufficiency by the community for sanitation needs (long-drops, two buckets or similar (no council service)).",,,,,,,,,,,,,,,,,,
Petone,Wainuiomata,sanitation,1,1,"Self-sufficiency by the community for sanitation needs (long-drops, two buckets or similar (no council service)).",,,,,,,,,,,,,,,,,,
Wainuiomata,Western Hutt Hills,sanitation,1,1,"Self-sufficiency by the community for sanitation needs (long-drops, two buckets or similar (no council service)).",,,,,,,,,,,,,,,,,,
Seaview Fuel Terminal,Upper Hutt,sanitation,1,1,"Self-sufficiency by the community for sanitation needs (long-drops, two buckets or similar (no council service)).",,,,,,,,,,,,,,,,,,
Eastbourne,Stokes Valley,sanitation,1,1,"Self-sufficiency by the community for sanitation needs (long-drops, two buckets or similar (no council service)).",,,,,,,,,,,,,,,,,,
Wairarapa,Wairarapa,sanitation,1,1,"Self-sufficiency by the community for sanitation needs (long-drops, two buckets or similar (no council service)).",,,,,,,,,,,,,,,,,,
Kapiti Coast,Kapiti Coast,sanitation,2,3,"Service, according to the ‘two buckets’ plan",,,,,,,,,,,,,,,,,,
Porirua North,Porirua North,sanitation,2,3,"Service, according to the ‘two buckets’ plan",,,,,,,,,,,,,,,,,,
Titahi Bay,Porirua CBD,sanitation,2,3,"Service, according to the ‘two buckets’ plan",,,,,,,,,,,,,,,,,,
Porirua CBD,Titahi Bay,sanitation,2,3,"Service, according to the ‘two buckets’ plan",,,,,,,,,,,,,,,,,,
Porirua East,Tawa,sanitation,2,3,"Service, according to the ‘two buckets’ plan",,,,,,,,,,,,,,,,,,
Tawa 'CBD',Porirua East,sanitation,2,3,"Service, according to the ‘two buckets’ plan",,,,,,,,,,,,,,,,,,
Johnsonville CBD,Johnsonville,sanitation,2,3,"Service, according to the ‘two buckets’ plan",,,,,,,,,,,,,,,,,,
Wlgtn Western Suburbs,Wellington Western Suburbs,sanitation,2,3,"Service, according to the ‘two buckets’ plan",,,,,,,,,,,,,,,,,,
Karori,Karori,sanitation,2,3,"Service, according to the ‘two buckets’ plan",,,,,,,,,,,,,,,,,,
Wlgtn RORO&CBD,Wellington RORO & CBD,sanitation,2,3,"Service, according to the ‘two buckets’ plan",,,,,,,,,,,,,,,,,,
Newtown,Newtown,sanitation,2,3,"Service, according to the ‘two buckets’ plan",,,,,,,,,,,,,,,,,,
Wlgtn Southern Suburbs,Wellington Southern Suburbs,sanitation,2,3,"Service, according to the ‘two buckets’ plan",,,,,,,,,,,,,,,,,,
Wlgtn Airport,Wellington Airport,sanitation,2,3,"Service, according to the ‘two buckets’ plan",,,,,,,,,,,,,,,,,,
Miramar,Miramar,sanitation,2,3,"Service, according to the ‘two buckets’ plan",,,,,,,,,,,,,,,,,,
Upper Hutt CBD,Petone,sanitation,2,3,"Service, according to the ‘two buckets’ plan",,,,,,,,,,,,,,,,,,
Stokes Valley,Lower Hutt,sanitation,2,3,"Service, according to the ‘two buckets’ plan",,,,,,,,,,,,,,,,,,
Western Hutt Hills,Seaview Fuel Terminal,sanitation,2,3,"Service, according to the ‘two buckets’ plan",,,,,,,,,,,,,,,,,,
Lower Hutt,Eastbourne,sanitation,2,3,"Service, according to the ‘two buckets’ plan",,,,,,,,,,,,,,,,,,
Petone,Wainuiomata,sanitation,2,3,"Service, according to the ‘two buckets’ plan",,,,,,,,,,,,,,,,,,
Wainuiomata,Western Hutt Hills,sanitation,2,3,"Service, according to the ‘two buckets’ plan",,,,,,,,,,,,,,,,,,
Seaview Fuel Terminal,Upper Hutt,sanitation,2,3,"Service, according to the ‘two buckets’ plan",,,,,,,,,,,,,,,,,,
Eastbourne,Stokes Valley,sanitation,2,3,"Service, according to the ‘two buckets’ plan",,,,,,,,,,,,,,,,,,
Wairarapa,Wairarapa,sanitation,2,3,"Service, according to the ‘two buckets’ plan",,,,,,,,,,,,,,,,,,
Kapiti Coast,Kapiti Coast,sanitation,3,3,"Service, according to the ‘two buckets’ plan",,,,,,,,,,,,,,,,,,
Porirua North,Porirua North,sanitation,3,3,"Service, according to the ‘two buckets’ plan",,,,,,,,,,,,,,,,,,
Titahi Bay,Porirua CBD,sanitation,3,3,"Service, according to the ‘two buckets’ plan",,,,,,,,,,,,,,,,,,
Porirua CBD,Titahi Bay,sanitation,3,3,"Service, according to the ‘two buckets’ plan",,,,,,,,,,,,,,,,,,
Porirua East,Tawa,sanitation,3,3,"Service, according to the ‘two buckets’ plan",,,,,,,,,,,,,,,,,,
Tawa 'CBD',Porirua East,sanitation,3,3,"Service, according to the ‘two buckets’ plan",,,,,,,,,,,,,,,,,,
Johnsonville CBD,Johnsonville,sanitation,3,3,"Service, according to the ‘two buckets’ plan",,,,,,,,,,,,,,,,,,
Wlgtn Western Suburbs,Wellington Western Suburbs,sanitation,3,3,"Service, according to the ‘two buckets’ plan",,,,,,,,,,,,,,,,,,
Karori,Karori,sanitation,3,3,"Service, according to the ‘two buckets’ plan",,,,,,,,,,,,,,,,,,
Wlgtn RORO&CBD,Wellington RORO & CBD,sanitation,3,3,"Service, according to the ‘two buckets’ plan",,,,,,,,,,,,,,,,,,
Newtown,Newtown,sanitation,3,3,"Service, according to the ‘two buckets’ plan",,,,,,,,,,,,,,,,,,
Wlgtn Southern Suburbs,Wellington Southern Suburbs,sanitation,3,3,"Service, according to the ‘two buckets’ plan",,,,,,,,,,,,,,,,,,
Wlgtn Airport,Wellington Airport,sanitation,3,3,"Service, according to the ‘two buckets’ plan",,,,,,,,,,,,,,,,,,
Miramar,Miramar,sanitation,3,3,"Service, according to the ‘two buckets’ plan",,,,,,,,,,,,,,,,,,
Upper Hutt CBD,Petone,sanitation,3,3,"Service, according to the ‘two buckets’ plan",,,,,,,,,,,,,,,,,,
Stokes Valley,Lower Hutt,sanitation,3,3,"Service, according to the ‘two buckets’ plan",,,,,,,,,,,,,,,,,,
Western Hutt Hills,Seaview Fuel Terminal,sanitation,3,3,"Service, according to the ‘two buckets’ plan",,,,,,,,,,,,,,,,,,
Lower Hutt,Eastbourne,sanitation,3,3,"Service, according to the ‘two buckets’ plan",,,,,,,,,,,,,,,,,,
Petone,Wainuiomata,sanitation,3,3,"Service, according to the ‘two buckets’ plan",,,,,,,,,,,,,,,,,,
Wainuiomata,Western Hutt Hills,sanitation,3,3,"Service, according to the ‘two buckets’ plan",,,,,,,,,,,,,,,,,,
Seaview Fuel Terminal,Upper Hutt,sanitation,3,3,"Service, according to the ‘two buckets’ plan",,,,,,,,,,,,,,,,,,
Eastbourne,Stokes Valley,sanitation,3,3,"Service, according to the ‘two buckets’ plan",,,,,,,,,,,,,,,,,,
Wairarapa,Wairarapa,sanitation,3,3,"Service, according to the ‘two buckets’ plan",,,,,,,,,,,,,,,,,,
Kapiti Coast,Kapiti Coast,sanitation,4,1,"Service, according to the ‘two buckets’ plan",,,,,,,,,,,,,,,,,,
Porirua North,Porirua North,sanitation,4,1,"Service, according to the ‘two buckets’ plan",,,,,,,,,,,,,,,,,,
Titahi Bay,Porirua CBD,sanitation,4,1,"Service, according to the ‘two buckets’ plan",,,,,,,,,,,,,,,,,,
Porirua CBD,Titahi Bay,sanitation,4,1,"Service, according to the ‘two buckets’ plan",,,,,,,,,,,,,,,,,,
Porirua East,Tawa,sanitation,4,1,"Service, according to the ‘two buckets’ plan",,,,,,,,,,,,,,,,,,
Tawa 'CBD',Porirua East,sanitation,4,1,"Service, according to the ‘two buckets’ plan",,,,,,,,,,,,,,,,,,
Johnsonville CBD,Johnsonville,sanitation,4,2,"Service, according to the ‘two buckets’ plan",,,,,,,,,,,,,,,,,,
Wlgtn Western Suburbs,Wellington Western Suburbs,sanitation,4,2,"Service, according to the ‘two buckets’ plan",,,,,,,,,,,,,,,,,,
Karori,Karori,sanitation,4,2,"Service, according to the ‘two buckets’ plan",,,,,,,,,,,,,,,,,,
Wlgtn RORO&CBD,Wellington RORO & CBD,sanitation,4,2,"Service, according to the ‘two buckets’ plan",,,,,,,,,,,,,,,,,,
Newtown,Newtown,sanitation,4,2,"Service, according to the ‘two buckets’ plan",,,,,,,,,,,,,,,,,,
Wlgtn Southern Suburbs,Wellington Southern Suburbs,sanitation,4,2,"Service, according to the ‘two buckets’ plan",,,,,,,,,,,,,,,,,,
Wlgtn Airport,Wellington Airport,sanitation,4,2,"Service, according to the ‘two buckets’ plan",,,,,,,,,,,,,,,,,,
Miramar,Miramar,sanitation,4,2,"Service, according to the ‘two buckets’ plan",,,,,,,,,,,,,,,,,,
Upper Hutt CBD,Petone,sanitation,4,1,"Service, according to the ‘two buckets’ plan",,,,,,,,,,,,,,,,,,
Stokes Valley,Lower Hutt,sanitation,4,1,"Service, according to the ‘two buckets’ plan",,,,,,,,,,,,,,,,,,
Western Hutt Hills,Seaview Fuel Terminal,sanitation,4,3,"Service, according to the ‘two buckets’ plan",,,,,,,,,,,,,,,,,,
Lower Hutt,Eastbourne,sanitation,4,2,"Service, according to the ‘two buckets’ plan",,,,,,,,,,,,,,,,,,
Petone,Wainuiomata,sanitation,4,2,"Service, according to the ‘two buckets’ plan",,,,,,,,,,,,,,,,,,
Wainuiomata,Western Hutt Hills,sanitation,4,2,"Service, according to the ‘two buckets’ plan",,,,,,,,,,,,,,,,,,
Seaview Fuel Terminal,Upper Hutt,sanitation,4,2,"Service, according to the ‘two buckets’ plan",,,,,,,,,,,,,,,,,,
Eastbourne,Stokes Valley,sanitation,4,3,"Service, according to the ‘two buckets’ plan",,,,,,,,,,,,,,,,,,
Wairarapa,Wairarapa,sanitation,4,1,"Service, according to the ‘two buckets’ plan",,,,,,,,,,,,,,,,,,
Kapiti Coast,Kapiti Coast,sanitation,5,2,At least 80% of individuals receive at least 80% of ‘BAU’ delivery,,,,,,,,,,,,,,,,,,
Porirua North,Porirua North,sanitation,5,2,At least 80% of individuals receive at least 80% of ‘BAU’ delivery,,,,,,,,,,,,,,,,,,
Titahi Bay,Porirua CBD,sanitation,5,2,At least 80% of individuals receive at least 80% of ‘BAU’ delivery,,,,,,,,,,,,,,,,,,
Porirua CBD,Titahi Bay,sanitation,5,2,At least 80% of individuals receive at least 80% of ‘BAU’ delivery,,,,,,,,,,,,,,,,,,
Porirua East,Tawa,sanitation,5,2,At least 80% of individuals receive at least 80% of ‘BAU’ delivery,,,,,,,,,,,,,,,,,,
Tawa 'CBD',Porirua East,sanitation,5,2,At least 80% of individuals receive at least 80% of ‘BAU’ delivery,,,,,,,,,,,,,,,,,,
Johnsonville CBD,Johnsonville,sanitation,5,2,At least 80% of individuals receive at least 80% of ‘BAU’ delivery,,,,,,,,,,,,,,,,,,
Wlgtn Western Suburbs,Wellington Western Suburbs,sanitation,5,2,At least 80% of individuals receive at least 80% of ‘BAU’ delivery,,,,,,,,,,,,,,,,,,
Karori,Karori,sanitation,5,2,At least 80% of individuals receive at least 80% of ‘BAU’ delivery,,,,,,,,,,,,,,,,,,
Wlgtn RORO&CBD,Wellington RORO & CBD,sanitation,5,2,At least 80% of individuals receive at least 80% of ‘BAU’ delivery,,,,,,,,,,,,,,,,,,
Newtown,Newtown,sanitation,5,3,At least 80% of individuals receive at least 80% of ‘BAU’ delivery,,,,,,,,,,,,,,,,,,
Wlgtn Southern Suburbs,Wellington Southern Suburbs,sanitation,5,2,At least 80% of individuals receive at least 80% of ‘BAU’ delivery,,,,,,,,,,,,,,,,,,
Wlgtn Airport,Wellington Airport,sanitation,5,3,At least 80% of individuals receive at least 80% of ‘BAU’ delivery,,,,,,,,,,,,,,,,,,
Miramar,Miramar,sanitation,5,3,At least 80% of individuals receive at least 80% of ‘BAU’ delivery,,,,,,,,,,,,,,,,,,
Upper Hutt CBD,Petone,sanitation,5,1,At least 80% of individuals receive at least 80% of ‘BAU’ delivery,,,,,,,,,,,,,,,,,,
Stokes Valley,Lower Hutt,sanitation,5,1,At least 80% of individuals receive at least 80% of ‘BAU’ delivery,,,,,,,,,,,,,,,,,,
Western Hutt Hills,Seaview Fuel Terminal,sanitation,5,3,At least 80% of individuals receive at least 80% of ‘BAU’ delivery,,,,,,,,,,,,,,,,,,
Lower Hutt,Eastbourne,sanitation,5,3,At least 80% of individuals receive at least 80% of ‘BAU’ delivery,,,,,,,,,,,,,,,,,,
Petone,Wainuiomata,sanitation,5,3,At least 80% of individuals receive at least 80% of ‘BAU’ delivery,,,,,,,,,,,,,,,,,,
Wainuiomata,Western Hutt Hills,sanitation,5,3,At least 80% of individuals receive at least 80% of ‘BAU’ delivery,,,,,,,,,,,,,,,,,,
Seaview Fuel Terminal,Upper Hutt,sanitation,5,3,At least 80% of individuals receive at least 80% of ‘BAU’ delivery,,,,,,,,,,,,,,,,,,
Eastbourne,Stokes Valley,sanitation,5,3,At least 80% of individuals receive at least 80% of ‘BAU’ delivery,,,,,,,,,,,,,,,,,,
Wairarapa,Wairarapa,sanitation,5,2,At least 80% of individuals receive at least 80% of ‘BAU’ delivery,,,,,,,,,,,,,,,,,,
